{"calculation_type": "t", "polarAngleMin": 0.0, "polarAngleMax": 80.0, "polarAngleStep": 1.0, "azimAngleMin": 0.0, "azimAngleMax": 0.0, "azimAngleStep": 1.0, "wavelengthMin": 400.0, "wavelengthMax": 800.0, "wavelengthStep": 1.0, "structure_materials": ["Ta2O5", "Ta2O5", "SiO2", "Ta2O5", "SiO2", "Ta2O5", "SiO2", "Ta2O5", "SiO2", "Ta2O5", "C545T", "SiO2", "Ta2O5", "SiO2", "Ta2O5", "SiO2", "SiO2", "Ta2O5", "SiO2", "Ta2O5", "C545T", "SiO2", "Ta2O5", "Ta2O5", "SiO2", "Ta2O5", "SiO2", "Ta2O5", "SiO2", "Ta2O5", "SiO2", "SiO2", "Ta2O5", "SiO2", "Ta2O5", "SiO2", "Ta2O5", "C545T", "SiO2", "Ta2O5", "SiO2"], "structure_thicknesses": [125.87054524198174, 64.49051125720143, 52.90867890417576, 37.40536642447114, 68.75410890579224, 11.448244322091341, 3.8725107312202454, 35.51173137500882, 82.76778158918023, 0.13872667029500008, 24.169909238815308, 99.21402667462826, 93.65092352032661, 40.26483233273029, 88.30908723175526, 3.6633476056158543, 30.77641287446022, 104.94723752513528, 123.36860761418939, 69.84339283406734, 112.83069794252515, 1.4016440846025944, 45.73105664551258, 72.98044055700302, 46.41286839544773, 56.79511987790465, 112.99837778881192, 64.1173235066235, 119.52053187787533, 23.125542402267456, 42.145539816468954, 16.22133817896247, 1.7265267260372639, 12.486662182956934, 49.71013421192765, 98.90332670882344, 13.480876076966524, 65.40343496575952, 59.333905681967735, 2.3231456764042377, 42.37379230558872], "polarization": "", "thickness_opt_allowed": [true, true, true, true, true, true, true, true, true, true, true, true, true, true, true, true, true, true, true, true, true, true, true, true, true, true, true, true, true, true, true, true, true, true, true, true, true, true, true, true, true], "layer_switch_allowed": [false, false, false, false, false, false, false, false, false, false, false, false, false, false, false, false, false, false, false, false, false, false, false, false, false, false, false, false, false, false, false, false, false, false, false, false, false, false, true, true, true], "targets_type": ["t", "t", "t", "t", "t", "t", "t", "t", "t", "t", "t", "t", "a"], "targets_polarization": ["", "", "", "", "", "", "", "", "", "", "", "", ""], "targets_condition": ["=", ">", "=", "=", "=", "=", "=", ">", ">", ">", ">", ">", "<"], "targets_value": [0.0, 0.9, 0.0, 0.0, 0.0, 0.0, 0.0, 0.8, 0.8, 0.8, 0.8, 0.8, 0.1], "targets_polar_angle": [0.0, 0.0, 10.0, 20.0, 30.0, 40.0, 50.0, 10.0, 20.0, 30.0, 40.0, 50.0, 0.0], "polar_angle_steps": [1.0, 1.0, 1.0, 1.0, 1.0, 1.0, 1.0, 1.0, 1.0, 1.0, 1.0, 1.0, 1.0], "targets_azimuthal_angle": [0.0, 0.0, 0.0, 0.0, 0.0, 0.0, 0.0, 0.0, 0.0, 0.0, 0.0, 0.0, 0.0], "azimuthal_angle_steps": [1.0, 1.0, 1.0, 1.0, 1.0, 1.0, 1.0, 1.0, 1.0, 1.0, 1.0, 1.0, 1.0], "targets_wavelengths": [[400.0, 510.0], [540.0, 800.0], [400.0, 510.0], [400.0, 510.0], [400.0, 510.0], [400.0, 510.0], [400.0, 510.0], [540.0, 600.0], [540.0, 600.0], [540.0, 600.0], [540.0, 600.0], [540.0, 600.0], [400.0, 510.0]], "wavelength_steps": [5.0, 5.0, 5.0, 5.0, 5.0, 5.0, 5.0, 5.0, 5.0, 5.0, 5.0, 5.0, 5.0], "targets_tolerance": [1e-05, 0.001, 0.0001, 0.0001, 0.0001, 0.0001, 0.0001, 0.01, 0.01, 0.01, 0.01, 0.01, 0.1], "bounds": [[0, 130], [0, 130], [0, 130], [0, 130], [0, 130], [0, 130], [0, 130], [0, 130], [0, 130], [0, 130], [0, 130], [0, 130], [0, 130], [0, 130], [0, 130], [0, 130], [0, 130], [0, 130], [0, 130], [0, 130], [0, 130], [0, 130], [0, 130], [0, 130], [0, 130], [0, 130], [0, 130], [0, 130], [0, 130], [0, 130], [0, 130], [0, 130], [0, 130], [0, 130], [0, 130], [0, 130], [0, 130], [0, 130], [0, 100], [0, 100], [0, 100]], "add_layers": false, "nb_added_layers": 3, "added_materials": ["C545T"], "added_layer_bounds": [[0, 100]]}